Subject,Posture,Cadence,CrankPower,HipPower,KneePower,AnklePower,UpperBodyPower
1,1,1,5.47984069882453,1.70569664423038,2.43271583545126,0.796292943766148,0.54460140235989
1,1,1,5.95112904476426,1.78433496039233,2.68327897263203,1.01660972462364,0.467544962423319
1,1,1,5.69716258440576,1.82421650581164,2.43926484649719,0.866871571951562,0.565950671356991
1,1,1,5.54124180989984,1.70107250013926,2.28101193816869,0.860528877525953,0.695792222768747
1,1,1,5.83606226097401,2.64138089395049,1.64401555250554,1.02243532837956,0.527950184960147
1,1,1,5.53543328164159,2.64584089480767,1.63071308917032,1.00584563081362,0.256881317961021
1,1,1,5.46402644890986,2.59356188528809,1.55234648821349,0.904145187717442,0.415406450489272
1,1,1,5.41170599372743,2.36627136635862,1.59360010997224,0.92241378574617,0.529122576789444
1,1,1,5.48041323091571,2.58363476025273,1.47983377905994,0.925336984771461,0.491876747342891
1,1,1,5.35706020503193,2.433137596415,1.56333930672476,0.909538644023779,0.451922144114157
1,1,1,4.72475316520077,2.0920609348932,1.34102925803886,0.82743197636607,0.464910687077897
1,1,2,6.86166017408677,2.35814325897988,2.42876946440871,0.685806714852609,1.35979066076352
1,1,2,6.17690983624888,2.1366170366372,2.35468889285495,0.584659369818831,1.07611440483946
1,1,2,5.60999028952859,2.15472947887444,1.93720943893604,0.514696244184146,0.979988836576582
1,1,2,5.75132658901223,2.21994026551633,1.88901844176852,0.599441428934979,1.01896659195614
1,1,2,6.11698629465502,2.31173619734071,2.17957431612502,0.601476710589086,1.00052012049684
1,1,2,5.90423474013274,2.12857170395384,1.94076177489233,0.585597915361772,1.22224783169156
1,1,2,5.49688156486891,1.85763640661058,1.8706451648791,0.475407334354855,1.26547880509464
1,1,2,5.21619394149823,2.05390094600126,1.68778454494021,0.449926495002889,1.0008972621762
1,1,2,6.27811117565198,2.07212466523519,2.20383168347876,0.61790293587666,1.35517214865107
1,1,2,5.51061568962529,2.07878219296333,1.73330217639711,0.503086018351203,1.16919765834058
1,1,2,5.80873658738556,2.05391156077261,2.05325585039929,0.572777263440555,1.10354407003714
1,1,2,6.1212528727289,2.26140624888926,2.06546138576421,0.62090433171371,1.14756272872193
1,1,2,5.62289040771737,2.24795704252105,1.68225463459443,0.550622558470168,1.11660936550538
1,1,2,5.72593993774013,2.20944838456456,1.68362641904223,0.5362575773187,1.26884247941805
1,1,2,5.79256170935001,2.14848265045133,1.70751906715318,0.569942675874687,1.33780209208837
1,1,2,5.78009490309425,2.35896469947636,1.6025134462373,0.488308190465594,1.3020379743669
1,1,2,6.17474148678578,2.22460557605551,1.96479730269178,0.583722547540181,1.37227585554646
1,1,2,5.68846702183783,2.03761190645512,1.78176046977646,0.541531908470309,1.29933333203453
1,1,2,5.92563720061244,1.90272801583307,1.84773582651844,0.565330985243282,1.57737877337801
1,2,1,5.59829898883403,1.99703796069241,1.92185711006565,0.638608986747456,1.01756889530693
1,2,1,6.17180129276034,2.33043065017547,1.99289530530902,0.701265509336279,1.12238756846881
1,2,1,5.85998887410599,2.04881107707835,2.06609251650378,0.717027284406377,1.00502301412406
1,2,1,5.17456776964113,1.85151373164292,1.72360064201917,0.558159929223278,1.01805995270276
1,2,1,5.04083416445001,1.70401512106827,1.6201519633671,0.546777109487796,1.14472750891728
1,2,1,4.09485356135494,1.41361712517112,1.34483462385448,0.520190133166167,0.796354391924064
1,2,2,3.64275144640802,2.0496766232961,0.585657627234134,0.285250560140922,0.737769593084298
1,2,2,5.62872310921043,1.97836972229978,2.15432914462308,0.783909765432698,0.727868216585534
1,2,2,6.70373142049726,2.10710241209149,2.68753818752322,0.822095777088543,1.09712557502057
1,2,2,5.88833920368819,1.86875450639305,2.23325284109927,0.691211379506247,1.10512912642276
1,2,2,4.22761941027656,1.80098068804984,1.32815824222578,0.456254902016827,0.659027651197842
1,2,2,4.66488585367066,2.00804749135055,1.33576829036573,0.575948517513227,0.760380188008023
1,2,2,6.48369387809312,1.92636719532557,2.48041155933579,0.729071718368647,1.35406121087065
1,2,2,5.01475823516906,1.65172151863253,2.12304271651382,0.49703686414676,0.758248235721297
1,2,2,5.28891088650003,1.74915495080506,1.80504524687311,0.637261339396888,1.10742306606709
1,2,2,6.59700068501624,1.9386738298637,2.56464704612679,0.794074057220326,1.30654712241182
1,2,2,5.65063452159746,3.28956945609107,1.24381102773759,0.541292674951749,0.593757399258288
1,2,2,6.05931473800396,3.62843013838354,0.975851445757415,0.761531873288065,0.709534218249797
1,2,2,6.06729722189032,4.02950737571907,0.940815648862117,0.6443294530899,0.472290529939431
1,2,2,4.96944102822536,3.47107734289415,0.735994379481792,0.494529636398881,0.290257531292261
1,2,2,5.28651838100496,3.55968740388247,0.660790438834167,0.655494897326503,0.430822913230874
1,2,2,5.61686931540036,4.00429641821247,0.646811199534994,0.568863222386506,0.417380455020876
1,2,2,5.06793613082522,3.50735766319489,0.568567232829976,0.451585752212677,0.558754557232345
1,2,2,4.83217145216743,3.35955660271171,0.605931319921906,0.487578269606606,0.399854137911787
1,2,2,5.55401356375151,3.44468642947918,0.599034673858803,0.61930352087645,0.904059562327502
2,1,1,5.69789329775546,1.02579170323492,3.11395941515455,0.972393607655128,0.539884119807029
2,1,1,5.85153964315612,1.11869316033378,3.21669891970496,0.995953596533427,0.475312833757014
2,1,1,6.56130596460599,1.16028031316366,3.62386865669678,1.17068477142199,0.560296916645537
2,1,1,6.54145946189025,1.4817327765274,3.38561216851737,1.20221946071987,0.427738406955548
2,1,1,6.77535820496697,1.21739651887436,3.51497394517895,1.24170737748309,0.752182934650949
2,1,1,6.7793656930369,1.3631342895735,3.54360402887584,1.24286861966859,0.583234150267007
2,1,1,6.63788056426711,1.19920040208594,3.38984516510477,1.2610402854088,0.738899567664419
2,1,1,6.63084902906718,1.76576615578495,3.08211509805447,1.2019544213722,0.535219930219558
2,1,1,6.35746743275334,1.19972312310764,3.27979538772115,1.20938684000731,0.62145542736031
2,1,1,6.22171393272419,1.52714617533322,2.95610118384652,1.13381234553237,0.558506191263729
2,1,1,6.06632594186414,1.30531068899086,2.73687966539771,1.18962512973482,0.784914577546465
2,1,1,5.87750392672956,1.51859706784914,2.49868704179295,1.17028280022252,0.642509738283796
2,1,1,5.35268445790418,1.48938242863509,2.15308550407277,1.08789491458174,0.575908563127185
2,1,2,8.15655829066228,1.7085646934806,3.88292612121258,1.61898032354369,0.875826068018781
2,1,2,8.07835760410777,1.78417879794581,4.01593653065955,1.50288870604313,0.707653488797145
2,1,2,8.16590940003314,1.71172417621635,4.13855091481322,1.47976952051165,0.767257039544286
2,1,2,8.17344896371043,2.16705300962842,3.91059600777369,1.46937996512879,0.560953904341581
2,1,2,8.76980245160706,2.41552429108971,4.02794270833256,1.61601326433145,0.643597577915287
2,1,2,8.57863091914624,2.45649924776155,3.86292910175794,1.46215604035905,0.729021054208435
2,1,2,8.07905009631424,2.54602277399852,3.56980949991568,1.39218144779165,0.506401051869013
2,1,2,7.80582102483782,2.5108566459698,3.42556126280341,1.30568585659098,0.499191723461285
2,1,2,7.24625493152814,2.3573741248001,3.19197334894519,1.09936854060957,0.532506056295429
2,1,2,6.64227676741303,2.03673958938046,3.31469204707539,0.830622850048277,0.397249169575018
2,1,2,6.31726731016155,1.90390617855873,3.19672639951037,0.844432129366156,0.310549786565155
2,1,2,6.17095311105414,1.78888442633916,3.12100106957523,0.793851789625397,0.404137811011393
2,1,2,6.25114130832615,1.49146415460079,3.39674683868797,0.844604177798754,0.454481468059809
2,1,2,5.88921317074913,1.54342057577207,3.07386554193918,0.792946302716068,0.415726261946728
2,1,2,5.76570666507399,1.39658598084148,2.97020170673471,0.812315290558292,0.521734854515172
2,1,2,5.71080820115675,1.70264870061874,2.73832167576005,0.753583265012781,0.452440964248459
2,1,2,5.48680418017614,1.56061402890323,2.5827587605233,0.81564089018425,0.463803865936629
2,1,2,5.05645067444633,1.46263098300855,2.35719874070107,0.696529133485814,0.475920662871889
2,1,2,5.17187581084944,1.64884505626457,2.28964112173908,0.684361245150486,0.484723184759625
2,2,1,5.19412496307819,0.498527601324029,2.70119957103826,1.03102470281061,0.853936862492173
2,2,1,6.07525347971185,0.365028354802217,3.39735107069298,1.1950044786914,1.00611590279785
2,2,1,7.03537795554753,0.678738486865873,3.51341043100797,1.42370112665879,1.30324936325515
2,2,1,7.77725831545855,0.881144377563678,3.78374454774771,1.49639365022145,1.49675047473229
2,2,1,7.80013561506353,1.37263387055828,3.29881048203582,1.55156024785419,1.45848842030147
2,2,1,5.00956821117071,1.31861383535179,1.83746028059331,1.026579615945,0.719525132996865
2,2,1,6.27930712235582,0.837938455924107,2.83456986835724,1.22955700275756,1.26159753929263
2,2,1,6.41062162357927,0.528755043045852,3.33610622150755,1.22399998779985,1.2069483365631
2,2,1,6.92121339934081,0.653805587737485,3.56541780624014,1.37083354786952,1.21620348153673
2,2,1,7.29184922129383,0.878904665648085,3.55560127102036,1.42610307826469,1.31478597417076
2,2,1,7.25445561490293,0.549331426669719,3.46187542521275,1.40829452413247,1.71244429621014
2,2,1,7.22976510750813,1.04020789041771,3.18337020476712,1.34506341088379,1.54122111832339
2,2,1,7.08616543671325,0.946935567714526,3.12354468695058,1.33751150527901,1.55801544252307
2,2,2,8.97027449001598,2.69909566250994,3.29332877880886,1.99015005423346,0.96979320427114
2,2,2,9.36813315160875,3.11455474735914,3.44612003865755,2.09446497905527,0.699207195463127
2,2,2,9.41339615707682,3.82088369945688,3.30601086560068,1.80083623504588,0.475289086343153
2,2,2,8.31531353879453,3.55927329332455,2.70901625561827,1.64713845778898,0.390795958806165
2,2,2,9.2606931262495,3.07766939881761,4.32930270131508,1.8544453925377,-0.00380479120019943
2,2,2,6.67860866137733,2.99269476651564,2.04280364795231,1.28916313924621,0.345546610772612
2,2,2,5.88074184874026,3.10020573064608,1.35484425331008,0.995174529196311,0.420968285278348
2,2,2,7.32500814248369,3.65110759936711,2.16375053639925,1.38638001985973,0.118822146779121
2,2,2,6.89785855067595,3.25774109775438,2.02715439013698,1.33125170600895,0.274394396148391
2,2,2,6.63911707844244,3.16341362955872,2.04239409099216,1.30268502597121,0.125573676665927
2,2,2,7.07568113895808,3.34793526243139,2.14388315643885,1.43086389573425,0.147612551712671
2,2,2,6.68025662613762,3.09507649252085,2.06595952304115,1.35837430083867,0.155342324815283
2,2,2,6.30080997821604,2.8848663461828,2.01038712127392,1.24746609382499,0.152627770404698
2,2,2,6.24952544811472,3.04530640186547,1.65384029578986,1.31649673913431,0.22728249087958
2,2,2,6.12582990439756,2.9126294127671,1.84092612628263,1.24934518452643,0.117993952833459
2,2,2,6.47740714309886,2.90063234588955,2.09927119462145,1.26153595794086,0.20963683970168
2,2,2,6.27499131669415,2.9725671526718,1.8540600050889,1.23352527098032,0.208525014358213
2,2,2,5.79822416641846,2.83860557958875,1.56295968710145,1.12263773222681,0.266819559713297
2,2,2,5.38615473044007,2.49099636297115,1.60934824139601,1.09096537441229,0.188830790110089
3,1,1,5.05365789431114,2.20111980533422,1.84479335610306,0.932162347793391,0.0635641347234653
3,1,1,5.1031546199916,2.00423320820477,2.00472982077461,1.15830735875584,-0.0740385458082685
3,1,1,5.01740834904016,1.77070249451845,2.03755687249586,1.35490074945799,-0.154450005501456
3,1,1,4.85025311877717,1.73482880070677,1.98029487143815,1.38236107088605,-0.254407664470789
3,1,1,4.26454079624917,1.19095393110277,1.84821038175668,1.08780702758451,0.124621399387333
3,1,2,6.06670716822122,4.20919227223005,1.80355053889372,0.82262765214144,-0.814444056842882
3,1,2,6.08086953769805,3.87323341383652,1.58652844344354,0.74964564011978,-0.183920601530807
3,1,2,5.64979734643556,3.95967743247172,1.29498548004198,0.661356975817294,-0.319539914991561
3,1,2,5.62271401434468,4.1777611646414,1.19030317899889,0.680987718871677,-0.477253688669321
3,1,2,5.84515023808973,4.08839427026893,1.46836551863456,0.839274407037655,-0.599931409708192
3,1,2,5.62023119067718,3.95463009193569,1.38416677424629,0.658730148500926,-0.428947097870182
3,1,2,5.57695440264168,3.96848224432119,1.3582365208855,0.749103807553727,-0.548695858791509
3,1,2,6.03594519091828,3.85220271000654,1.88127531754457,0.793848844296439,-0.541321666939883
3,1,2,5.56109168006862,3.42905847402293,1.789001857976,0.741193437412674,-0.449500369227381
3,1,2,5.89107597491742,3.86596412519882,1.70852275066487,0.78495266194304,-0.518648820670517
3,1,2,5.6430730784028,3.50736120668946,1.8517409108726,0.638506295091276,-0.406528015461335
3,1,2,5.57423322921536,3.57536309599016,1.81832486545881,0.723426508003859,-0.592048732858465
3,1,2,5.37575623311312,3.62304244534234,1.67693880465456,0.688904747287112,-0.661243528932868
3,1,2,5.34926441989057,3.31664574228361,1.7756126612487,0.69765978807239,-0.491354676362961
3,1,2,5.06607361880603,3.29996010037657,1.68098815695695,0.674454335197919,-0.637799750344069
3,1,2,5.26044203981609,3.33898993577177,1.71619464946297,0.793343100232568,-0.636575072191002
3,1,2,4.81598101019936,2.8613929377246,1.79747703593914,0.597754242526197,-0.491344269125269
3,1,2,4.56829086027955,2.79467228949429,1.69640345535593,0.608217998986387,-0.580348551528246
3,2,1,5.21177968341806,3.33319966027355,-0.384174249054371,1.39994312567364,0.733812347900127
3,2,1,4.92944958194184,3.18877548379858,0.0250318772911773,1.46256489580382,0.13322453374531
3,2,1,6.35059514605104,3.29349590664547,0.642108488858945,1.59001166241209,0.696547770385295
3,2,1,6.59083033652362,3.4008339801509,0.401946616715424,1.70737455664312,0.948408423841735
3,2,1,5.84171760586941,3.53091380865494,0.136363488896385,1.51626556300641,0.532245492704778
3,2,1,5.20552522200856,3.18240290920176,-0.0695079001498918,1.4319178911064,0.534745005595313
3,2,1,6.04047796436116,3.37912202019477,0.314710085507414,1.54444883623229,0.674107435663062
3,2,1,5.76008581571738,3.16770380863877,0.437122102886101,1.54527535289453,0.48477815160128
3,2,1,5.91491598822939,3.26248729196635,0.190045362622178,1.6262277452112,0.707556623175987
3,2,1,5.68737856849372,3.3222416910823,0.25551728952468,1.52990516505351,0.454962075063507
3,2,1,5.1999883464428,2.8400558246796,0.468490769320553,1.37617185619815,0.391484216373615
3,2,1,6.0701295163948,3.28893700816846,0.457662266109411,1.62171605132856,0.57523034649932
3,2,2,6.52949013350908,5.39270649288013,-0.271313923191835,1.20709094117614,0.107758979886762
3,2,2,6.47254978067581,5.46055929217614,0.204596049956872,1.11934315685302,-0.397502030953778
3,2,2,6.50891808536771,5.25188770294866,0.431162611423874,1.17553402307652,-0.434653801718332
3,2,2,6.18175768742043,5.65337080697342,0.00590652018828735,0.909674091513222,-0.4716183687039
3,2,2,6.07822088875036,5.11042343689469,0.334273514276746,1.06771126755267,-0.517907063442354
3,2,2,5.79366418334567,5.20740152567358,0.146059653445394,0.995478472016957,-0.637178879191626
3,2,2,6.57210093214208,5.41040035747254,0.628804470580891,1.16556303446085,-0.713409469834831
3,2,2,5.7434274435286,5.1327011948023,0.174852545426756,1.07495872039258,-0.719731285254852
3,2,2,6.19955620271229,5.08668441182008,0.691867406643879,0.956892823437434,-0.618082656019484
3,2,2,5.73509083971212,5.30142130413717,0.165340438757905,0.943515050145286,-0.755290707446529
3,2,2,5.71264137584534,4.50461050012016,0.847386444007654,0.954762603903148,-0.675438943021054
3,2,2,5.05613230912837,4.38359557697417,0.420569656057207,0.944374273315477,-0.772253632678427
3,2,2,6.15891687290289,4.42097246678224,1.13801971070394,1.20311305240296,-0.684373075049679
3,2,2,7.0168964809527,4.64887693985835,1.19329509787093,1.47042295420298,-0.381495576733079
3,2,2,6.53387074797928,4.571728880463,1.22083042526406,1.3265083588515,-0.666651506268502
3,2,2,6.1568408939716,4.5238475288908,0.980295530072422,1.33861826758619,-0.765864169507362
3,2,2,6.3829791738236,4.63824973905806,1.2508920202322,1.2791804319173,-0.863795415541416
3,2,2,6.61997337725227,4.54646706241045,1.17317431718976,1.46854703308233,-0.649924353317029
3,2,2,5.87774368137841,4.39955973567576,1.11378667156188,1.24009687849951,-0.95279665371157
4,1,1,4.63385741236151,1.45696938265773,1.99618956738927,0.908855004102756,0.638065144387726
4,1,1,5.05769358327375,1.43361226033791,2.30302479837748,0.984047708930608,0.702253021442487
4,1,1,4.682711897075,1.38890808092369,2.16517079842473,0.847941896913004,0.646780092050528
4,1,1,5.52407363141056,1.57725222196039,2.42916533038926,1.10764041105306,0.774164771036878
4,1,1,5.61670142659003,1.48519130687972,2.59640254294925,1.16302909465288,0.7367966429257
4,1,1,4.58808878407865,1.311561808566,2.06368652189272,0.881802976756558,0.69637125275956
4,1,1,5.38901810361311,1.88680023853944,2.18528310850128,1.11713163683859,0.567105410986938
4,1,1,5.01790376087669,1.30593276989011,2.19198122792489,1.04925282194982,0.833975225044346
4,1,1,4.70661052279758,1.50403374554053,1.97332594453068,0.967825422443052,0.627803367178216
4,1,1,6.05202557877253,1.77512147157969,2.56939240381561,1.3924513856043,0.680633751055486
4,1,1,5.32361051012544,1.17517491029158,2.52440878738367,1.09848022911319,0.8879627226361
4,1,1,4.91060121261137,1.5450897484448,1.99119401340986,0.980411113257485,0.75829708048588
4,1,1,5.07841581657573,1.63032096204286,2.1070148987479,1.23343828549264,0.476326383287103
4,1,1,5.0451200397963,1.87326002381131,1.93342659098813,1.11282910458434,0.494019593655482
4,1,1,5.53584980741112,1.56297341921816,2.25231155055766,1.23004072832585,0.853465585718945
4,1,1,4.89649639293976,1.24257171521533,2.2465187615619,1.11865445539471,0.654719526905447
4,1,1,3.88371901904192,1.28224876055252,1.50261333492931,0.921622376389447,0.544875367012239
4,1,2,7.06548230504335,1.81055218355123,3.45300985235626,1.39001222909665,0.285005457250536
4,1,2,7.64493238014783,2.55661940921188,3.28591122890479,1.27445751608505,0.399301100368819
4,1,2,5.50113572317473,2.38426197294028,1.99109330170654,0.804596228622015,0.195642494419215
4,1,2,5.24758925057036,2.17588798118844,2.04235527287529,0.77827825111018,0.126577767027416
4,1,2,7.51760236337405,2.5440474935036,3.1840800090376,1.38039971263907,0.282215058782789
4,1,2,5.65913232888627,2.79284436848766,1.92826945400125,0.903567983825278,-0.0867901974545965
4,1,2,4.6950116928836,1.97605954538722,1.74574360887342,0.781801092775794,0.0678123719713667
4,1,2,6.0731272670701,2.27892485636155,2.40613154635849,1.00814658617238,0.253501451816927
4,1,2,5.62952742707988,2.5337891355838,1.99034176206094,0.903869073573004,0.0777805818361091
4,1,2,5.15645584573802,2.19106103462381,1.98310977048137,0.694982459746459,0.162269079985
4,1,2,5.77628471239153,2.68088514659003,2.06044092863459,0.826876157328205,0.084237280453032
4,1,2,6.03399031904176,2.63142275124609,2.23697156172757,0.939573884221077,0.101907827831238
4,1,2,4.75006583519012,2.13787709619623,1.85143151563124,0.680105712107674,-0.0412822236019405
4,1,2,4.21492969584937,1.99206198123383,1.49000694735403,0.53542420603741,0.0737510506176433
4,1,2,5.51170996132543,2.66511229884071,1.90771183903104,0.78001567917306,0.0357631299283163
4,1,2,6.71036770174605,2.54480301298732,2.67098296963965,1.15495932782789,0.213804093233731
4,1,2,5.28225256921473,2.56082949803699,1.86061648885201,0.697471132170696,0.0401614562146178
4,1,2,4.64366471207943,2.58289912380475,1.25822119449969,0.670232052690829,0.00960369377981474
4,1,2,4.58659555895467,2.02518778433474,1.76077493182436,0.629313552276304,0.0480255389733781
4,1,2,5.75108689959194,2.4263830714925,2.16156705205244,0.897858335460619,0.140575301789485
4,1,2,6.31428504370954,2.73053053234088,2.20595141309954,1.07893952834139,0.173656654190718
4,1,2,4.88190748651535,2.17995225930622,1.93147770978325,0.716763914528225,-0.0678160633339028
4,1,2,5.28769459034042,2.09301782157112,2.21149454306608,0.781653814281996,0.0777815230618147
4,1,2,5.33711657455669,2.19001926609929,2.17487143790548,0.829383128448615,0.0199761387836597
4,1,2,5.11635051803528,2.50686032921465,1.63673485930438,0.862012153729155,-0.0116419340378057
4,1,2,5.35649146339243,2.78106488609341,1.6242044086574,0.898900154418779,-0.0691867781785888
4,1,2,5.78512058985058,2.54864969021034,2.16139443059987,0.873724304358554,0.0776079200234933
4,1,2,4.49219472971068,1.8215094147434,1.91266612740328,0.670161384686814,-0.0341840263540606
4,2,1,4.28940441261843,1.04304064911784,1.53573197801647,0.76782474602632,0.921595746923073
4,2,1,5.09281256486406,1.57418543637635,1.59193105615177,1.00839482312204,0.897457543532826
4,2,1,5.68467970222168,1.55212790378833,2.03537483761417,1.02938686386734,1.04470405855471
4,2,1,6.5530290007248,1.60471419840251,2.35066560220215,1.39690210021728,1.17566670646146
4,2,1,5.60433467391199,1.60280924431861,2.03382842580603,1.11652405200291,0.831336170564809
4,2,1,5.50268867814006,1.79556756782098,1.55138000637317,1.11214100797998,1.02087690758358
4,2,1,5.59858051334796,1.71423895012626,1.90871800045471,1.14694885137206,0.809175403781154
4,2,1,5.89073481231721,1.81824591706773,1.92114079395154,1.28346440290719,0.847796255972017
4,2,1,4.83473778928692,1.49711100448,1.58474283246204,0.983765523580765,0.750512465389794
4,2,1,4.62773228502203,1.67310331412201,1.26197325709776,0.938739033125975,0.735538743523282
4,2,1,5.42429046758576,1.71315680355401,1.72292009587417,1.05540932193067,0.911742995590654
4,2,1,5.98318883784646,1.44488476713459,2.10578958427389,1.26973783183413,1.13826581784194
4,2,1,5.91619198040381,1.45482603475449,1.98830650717452,1.3025128830008,1.14591917019904
4,2,1,3.96788182998624,1.23481452085044,1.30529952448078,0.765084439396159,0.64567390813712
4,2,1,4.53267385682405,1.18666013484956,1.57293149785201,0.909647622682829,0.843413895475197
4,2,2,6.25710103471066,2.88866201761797,0.741898693362,1.96649819665458,0.601865356926264
4,2,2,6.52810948518376,3.23055466623377,1.21999347833504,1.90351454479679,0.123159955637197
4,2,2,7.7746254689613,3.21155150721039,1.70014682700044,2.15054835354682,0.653416961241894
4,2,2,7.26979163289898,3.78185445933778,1.31051147863168,2.02279918466781,0.10403097436408
4,2,2,6.42492712180225,3.1728996105875,1.39090018685987,1.73019444272456,0.0806927501621686
4,2,2,7.28034189635042,3.57179460743118,1.61314966293156,1.64575151026805,0.394625285740145
4,2,2,5.05234892985039,2.88155321151509,1.01932715473169,1.00215500099676,0.0987977209240543
4,2,2,5.60058333233671,2.90494064152065,1.3002536529319,1.07618724386764,0.266137628862577
4,2,2,6.90135863326106,3.37346473735996,1.76383120730792,1.52529937374322,0.186905726883512
4,2,2,6.25595676438287,2.86198506109796,1.72173232989755,1.2842846012237,0.3338593123375
4,2,2,4.11477784630875,2.47392492165896,0.877298350257124,0.661891814198274,0.0518616805477812
4,2,2,6.54743138422109,2.91400423119862,1.83901824788601,1.48820464832008,0.253335054720427
4,2,2,5.93696888530337,3.04733172331009,1.43734510384225,1.1635288139388,0.236155657305343
4,2,2,5.70765326628475,2.83631568093022,1.44481082281135,1.21427543242233,0.160791421925335
4,2,2,5.38954275777923,3.01865113977325,1.04005142464379,1.13279639204353,0.146797006055183
4,2,2,6.30946127889345,3.2604497365543,1.41500294216736,1.34621370767619,0.235201830864454
4,2,2,6.41057304016808,3.05296900584951,1.67937174422556,1.35191053792132,0.273150787645406
4,2,2,5.28362486685784,2.94921256715909,1.11140889120455,1.0098742576668,0.161656075321295
4,2,2,5.16369180517666,2.85502547552271,1.06843018106921,1.00617526238064,0.182273834667345
4,2,2,4.87916690009451,2.95490389729437,0.820803419724482,0.978652069807293,0.0746592623256443
4,2,2,4.86762806306046,2.53806846190648,1.10740484236788,1.01942851500204,0.151409211883602
4,2,2,4.75595161486122,2.69256292065267,0.888762602880518,1.06804221734545,0.0567089776291437
4,2,2,5.48834102850189,2.80931672792371,1.39540358059591,1.16334260710076,0.0701978029445807
4,2,2,6.13788191740919,3.16127241253578,1.3597731680738,1.33186740752373,0.232418257093047
4,2,2,4.76346666213,2.99570295360542,0.793768340877168,0.932947710954074,-0.00784419640076877
4,2,2,4.9461075994864,2.8940401451017,0.940763649263192,0.99734294576483,0.06397530822263
4,2,2,6.4003793378856,3.64356975174687,1.25065841024745,1.24957780636246,0.204448630742185
4,2,2,5.79189129268865,3.46304720561615,1.10311627852543,1.03031039038386,0.144210018647062
4,2,2,4.7999811396859,3.07321192681266,0.718118349476653,0.940955618242817,0.0184036782327634
4,2,2,5.37234912775047,3.38051888804867,0.819671701035375,1.01472103857704,0.106799799344341
4,2,2,4.20917538329873,2.95646787922466,0.417943154757047,0.897078553308007,-0.109655629174822
4,2,2,5.16607568593548,3.06100130657787,0.888691440289047,0.945208790114059,0.218830398476479
4,2,2,4.00521235793542,2.54897296645158,0.567861432262025,0.781546312118407,0.0569530341531563
5,1,1,5.68077260245123,2.91972609877217,0.960877637398427,1.27225074399952,0.446122998918599
5,1,1,5.86199075238628,2.48751314556874,0.937139475994194,1.54790043879485,0.802219775119755
5,1,1,5.84320026364929,2.43761940136205,1.10452358472405,1.56866736379781,0.64752771353059
5,1,1,5.60454177327558,2.31078659800003,1.02978893268851,1.50126772297247,0.677381690292041
5,1,1,4.9990593932632,1.80421489309872,1.14398650603051,1.26922050257356,0.696036577658698
5,1,2,7.47606634351151,4.6134682854359,0.842485708255347,1.2225751008036,0.747562856011822
5,1,2,6.61465768206268,3.86519307755213,1.72420879650621,1.18761843251357,-0.197938519411183
5,1,2,6.05018086839721,4.41484277792193,0.636403324493452,1.05088667682636,-0.0891839664514594
5,1,2,6.21123932157002,4.76337147973573,0.457752986158108,1.09466164820506,-0.140989924910523
5,1,2,6.26985677604391,4.57643795957935,0.605815841902252,1.06402032849383,-0.0147824278921352
5,1,2,6.01205734270461,4.35645249355421,0.559130608787684,1.0791828181676,-0.0209792834073895
5,1,2,6.08979520542196,4.57804520047232,0.681979352633587,1.05515355381395,-0.260013492245018
5,1,2,6.46862041461398,4.34607914050777,1.11166520212076,1.33328775664701,-0.355586843661221
5,1,2,6.8522159365925,4.63309903792934,1.1064434945527,1.46727172694122,-0.387290682257889
5,1,2,6.60141401633084,4.82329097082265,0.884719520482497,1.45384809864302,-0.590049239282649
5,1,2,5.94099376331745,4.55288547252369,0.809661333506049,1.14264094178781,-0.593742409002172
5,1,2,5.96104140105743,4.59011909452127,0.653876724151977,1.28463810823384,-0.597089972231502
5,1,2,5.99187624557719,4.47112469848453,0.855644225031548,1.21385441663653,-0.57852722242637
5,1,2,6.22065528362501,4.58900975544408,0.983441067386904,1.36730296840807,-0.746323364269423
5,1,2,6.17346287361858,4.28490712883633,1.04612096795715,1.44344152125785,-0.63000297753585
5,1,2,6.11805039964932,4.27012635164445,1.18919448598628,1.36562645741899,-0.734304776238979
5,1,2,5.55764932649161,4.27309920478031,0.964620049953723,1.10890726022391,-0.815153864908926
5,1,2,5.35674992127526,3.95142876898769,0.937991143507316,1.12161160792394,-0.682478709426117
5,1,2,5.02616096185178,3.59830867344493,1.09551272046659,0.991493401983977,-0.687277860802644
5,2,1,6.42520793727505,3.40973683477217,0.125015631952377,1.49849514368025,1.35280084185665
5,2,1,6.18095851781466,3.40293996240803,0.154195180916072,1.6231479960844,0.967385167619526
5,2,1,6.2618509866238,3.57139214803636,0.0980652759125482,1.66632424109394,0.893898201646693
5,2,1,6.87142232980522,3.53757048661152,0.131814246161514,1.84296937487321,1.32040211871605
5,2,1,6.50839762668229,3.52160899141675,0.0879963106517049,1.74625490547584,1.11696927774037
5,2,1,6.57418654505589,3.83759178887429,-0.149532813953902,1.80828294016428,1.04339688041111
5,2,1,6.38163208242635,3.65655352707598,-0.108473158052365,1.86518257386515,0.935563522333986
5,2,1,6.17166196121499,3.50319156415164,-0.0295446933332108,1.71257765628618,0.952375792488191
5,2,1,6.37699268817708,3.45661087717727,0.320902328400421,1.85663741276669,0.713419358674659
5,2,1,6.04376343238388,3.51529224838983,-0.0451951552003366,1.84157569665909,0.702829202786721
5,2,1,5.79224538407611,3.27195633100562,0.113213618660117,1.75170705003223,0.627257778501923
5,2,2,6.12523422957243,5.60873960200092,-0.70823021643541,1.23085978814754,0.190493026025699
5,2,2,6.57041235680406,5.41568288773805,-0.315119072169149,1.40265887448707,0.262717767751085
5,2,2,6.07604882304111,5.36394837037862,-0.67851414575545,1.63115621213452,-0.0403975435066241
5,2,2,6.59758530210041,5.60451521027461,0.131940348169514,1.6124757858302,-0.543539905537098
5,2,2,6.51958195321287,5.69172634291634,-0.0408039197321287,1.61021819985485,-0.533899343774584
5,2,2,6.58672253033237,5.26647862859048,0.256374491192678,1.59345189511608,-0.325102801294157
5,2,2,6.22810143987957,5.55479232831324,0.0622385670664459,1.57104980853513,-0.749043629070505
5,2,2,4.58076103144147,5.84790096480296,-1.69336688652131,1.28596137525751,-0.650302459762014
5,2,2,5.80116973474786,5.36063544930833,-0.347293198419857,1.35303147664144,-0.360189986886118
5,2,2,6.15718351971651,5.50239185242975,-0.0880356809375616,1.40591958675441,-0.456609908947919
5,2,2,6.2337335587397,5.38547505137365,-0.000624482423949879,1.4215991493588,-0.367589471171053
5,2,2,6.68798218631939,5.52269696263271,0.278162951238671,1.71062180124197,-0.614611089857839
5,2,2,6.06482044822103,5.26859494428323,0.227465924445757,1.54741235834829,-0.767437041169186
5,2,2,5.83754044827301,5.21420248735492,-0.00737619742331358,1.40377767801724,-0.564931620876495
5,2,2,5.45831765715004,5.13896570458022,0.018893926852157,1.2027345800151,-0.692206459978773
5,2,2,5.27708700208574,4.62590758979728,0.105029960289561,1.21807997437761,-0.465315618538819
5,2,2,5.24579703233245,4.76407714514641,-0.0432767332593293,1.15485279842267,-0.423872389303422
6,1,1,5.49669788897052,1.64957909747037,1.98975356105132,0.862507907156417,0.968171512665252
6,1,1,5.34695347795598,1.75309930691609,1.88562849394918,1.11018463078751,0.577307479830883
6,1,1,5.22444678275657,1.63858597782031,1.8217517023663,0.993801918477441,0.746989625553362
6,1,1,5.04654595441951,1.46424936295719,1.80679117164134,0.936145605665128,0.815006466165741
6,1,1,5.11433942533192,1.47702375218878,1.74642756149946,0.948583355329167,0.916407234192019
6,1,1,4.93632705635511,1.16377549304887,1.74565516371865,0.836654259903005,1.16062555681154
6,1,1,4.23129729776379,1.60169987976454,0.938702620184687,0.852298793969341,0.814254113009774
6,1,2,5.95166596481534,2.05808075177066,2.0071509073468,0.675056311868971,1.18341290778652
6,1,2,5.83635196018423,1.96682721043829,1.88815084179874,0.723089567885731,1.2296156588256
6,1,2,5.83782539828101,2.00199472115778,1.86714164721049,0.709677744553253,1.23033169994414
6,1,2,5.63390679630798,1.91579565674587,1.77065893778195,0.662703753733,1.2556828051915
6,1,2,5.450991842446,1.91097607336196,1.82811468196842,0.633686893138968,1.05224656493204
6,1,2,5.68885929777342,1.85410603798664,1.74669101542557,0.674336634914754,1.3827253091698
6,1,2,5.34176107807251,1.83122402417248,1.79151691593846,0.584807249168589,1.10740527932614
6,1,2,5.48323410268138,1.84061549350102,1.70766682657879,0.606126641590405,1.29909834776103
6,1,2,5.48216092795698,1.78830372097242,1.78112497431459,0.588314186525642,1.29475735931721
6,1,2,5.52141741464222,1.93809475931461,1.62618886804706,0.597808006418957,1.32914147801372
6,1,2,5.21399771539014,1.68177321001158,1.58569398993676,0.597860922401114,1.31864513301013
6,1,2,5.19919038967843,1.77786494242736,1.40937224737506,0.60762109851315,1.37347270370746
6,1,2,5.04518372134382,1.6834509595362,1.43325557643092,0.602198514770881,1.29659007441178
6,1,2,4.99019628827921,1.70242403076813,1.49274903226136,0.569368239474364,1.19747574485376
6,1,2,4.86451543384485,1.60882754763433,1.28536551228736,0.591222331367438,1.34861912578243
6,1,2,4.74704891026947,1.49682740696931,1.52386269197844,0.529553430578246,1.16905888389737
6,1,2,4.26151744702789,1.3691987566349,1.2972011218106,0.521008795446958,1.04820272540345
6,2,1,5.90660489739425,1.9477177306845,1.60769294387563,1.25727844950353,1.09821963264344
6,2,1,5.64448927837315,1.83701103437329,1.60268317517386,1.19955893007833,1.01087019257926
6,2,1,5.87180297082196,1.93012587931623,1.53522628653176,1.19408028916945,1.21489755398026
6,2,1,5.91781098861346,1.80609811259794,1.61788830061137,1.27903907006286,1.21727631867398
6,2,1,5.77786837987193,1.73988960137049,1.56467515473506,1.23756757968265,1.23791259933528
6,2,1,5.85150042558629,1.8497765031264,1.38659362109728,1.29320264471769,1.32281133770805
6,2,2,5.95535400700578,2.78807340539595,1.29209231665742,1.02784398734769,0.855412109836785
6,2,2,5.60829696098561,2.84773803758656,1.34763826821927,0.941744085297578,0.484886898030102
6,2,2,5.34141741038726,2.90554628470915,1.05261762362773,0.890471047275841,0.506168694649049
6,2,2,5.18648115323505,2.76391338283481,0.998278588229015,0.878682687940094,0.55820037351379
6,2,2,5.04382117810148,2.76457890016382,0.924491549136081,0.833719086224453,0.533994144634602
6,2,2,5.83019901756286,3.0384655956824,1.06752327175649,1.04863733144797,0.686217203091987
6,2,2,5.48730724554315,2.9986018170669,0.933155694440949,0.957396158649142,0.609959248451495
6,2,2,5.73499847265215,2.7580839792453,1.21629215842932,0.991696923026516,0.778169507467875
6,2,2,5.47763238406714,2.96029022740159,0.989253624465277,0.95384930951818,0.586403611037994
6,2,2,5.66547796735661,2.90767793010795,1.07965537604148,1.01414791388481,0.674814772808663
6,2,2,5.22519561021074,2.90824125904322,0.762377201693788,0.955543974369759,0.610825654173546
6,2,2,5.54475054655063,2.73091017124973,1.01141627933168,1.03502494031629,0.776666145014252
6,2,2,5.83017192406619,1.72012207125266,1.4730528389013,0.842834011005093,1.78802853455966
6,2,2,5.74889694382415,2.58877674633228,1.14639511861181,0.947561537205467,1.0709490652456
6,2,2,5.49249760543694,2.754096081165,1.10936976931276,0.958643960616916,0.681109954123264
6,2,2,5.32354116293405,2.54960717933841,0.999459537705154,0.911565291149076,0.870743494116413
6,2,2,4.41748410946043,2.47753942204252,0.660512557788204,0.725334705892972,0.566563939076819
6,2,2,4.55290316232051,2.39550983403622,0.847322123460526,0.765963105705084,0.556724454328038
7,1,1,4.97954927399124,1.2982707279382,2.0905915150326,1.23881189961313,0.603698677509284
7,1,1,5.71907351190262,1.23132450931535,2.38582891522977,1.54167404941597,0.808944020445494
7,1,1,5.24742022692265,1.27429913888723,2.12017273421855,1.40841271104016,0.694969281208143
7,1,1,6.2102679726283,1.25205664774243,2.39327516097367,1.87598663905734,0.935716955055133
7,1,1,6.14316908656928,1.28323188460809,2.36305556577231,1.82169898603928,0.922156583470453
7,1,1,5.93821531776517,1.52600851993784,2.13201465982877,1.75773673598518,0.771720244056268
7,1,1,6.05643515958217,1.38211340015182,2.36086741596385,1.81251093531821,0.750530930099161
7,1,1,6.39401357145395,1.48554017158937,2.25513906821834,1.98564128033369,0.914779328615946
7,1,1,6.09923228743136,1.41405624999729,2.28313671117141,1.80080031583264,0.849322098346655
7,1,1,6.01044682065537,1.25702425132259,2.30646928996821,1.77914180970456,0.914895970688196
7,1,1,5.87396781396659,1.41590652468981,2.17143326149273,1.75643955342551,0.779337320316253
7,1,1,5.70965440900141,1.25075306912798,2.09706279566392,1.77252739584993,0.837573154207278
7,1,1,5.78066002846463,1.79426426062452,1.38827451763426,1.76596490443659,1.07677567365582
7,1,2,7.50417086369632,1.68622838757071,3.05557263645478,2.16942657584792,0.581070035390984
7,1,2,7.71692761128492,2.24462810041702,3.06971213838395,2.00326102111455,0.390357376624273
7,1,2,7.87670542960318,2.32935949503517,3.11615529168225,1.88185588980194,0.53811565231299
7,1,2,7.51416731849478,2.36707064570774,3.15064307534582,1.52108277623916,0.465261179409445
7,1,2,7.63628743330367,2.7223103369111,3.01265636627467,1.56235133410543,0.330905775597703
7,1,2,7.29684353175108,2.81053775178985,2.89334288998134,1.35754962522485,0.228902986309135
7,1,2,6.49839718616276,2.36622297078065,2.68309603330968,1.11227085332544,0.328776139341203
7,1,2,6.38021426308459,2.05532661709772,2.75667173416079,1.20882033677061,0.351025561955059
7,1,2,6.64126021942972,2.2301944377121,2.85646654681524,1.2657414075686,0.281545880449187
7,1,2,5.96493038187882,2.00522746374887,2.61208346984648,0.980817401416435,0.358320936689444
7,1,2,6.34457291928176,2.08873010413999,2.78751228894826,1.11817036469079,0.341928679605602
7,1,2,6.3721528039041,2.34866503223279,2.68934962654299,1.05586887781345,0.271116148830555
7,1,2,5.92762385284082,1.87459803880174,2.65452243150606,1.11774768859941,0.273565279050023
7,1,2,5.89724641316755,1.96526041799714,2.60129419772243,1.11483578109657,0.209639096631555
7,1,2,6.09989619886274,2.07513579568324,2.59633874580105,1.18573585261817,0.236066438214303
7,1,2,6.58789290751057,2.28211390188134,2.70468350813256,1.34366423020028,0.25059071881237
7,1,2,6.51918446897526,2.46788004465169,2.57022704493557,1.32736848130976,0.148424185132488
7,1,2,6.15513851364374,1.99898694240286,2.57640945638215,1.32651780634199,0.246446864414406
7,1,2,6.34833400092149,2.32447384988621,2.50998411274062,1.31271017443816,0.195169296424079
7,1,2,6.215193344269,2.18199829018397,2.51980077886746,1.31803155651882,0.189453198443684
7,1,2,6.1493420327082,2.21174170907992,2.59834233013962,1.19851748994067,0.135650316520196
7,1,2,5.84951849843388,2.00178872385024,2.49531112093916,1.235221610427,0.112460008094643
7,1,2,5.89873876433143,2.33670048232677,2.40838895771226,1.14503378983018,0.00550722197070031
7,1,2,5.81315730985068,1.98258741933066,2.54206670612482,1.2408016622019,0.0440069198858174
7,1,2,5.9679855605639,2.02634318692685,2.57906290516379,1.3227482255478,0.0362546948070002
7,1,2,6.08670589983625,2.12383268490549,2.63519116306159,1.48912576534907,-0.162001137252289
7,1,2,5.98215335286827,2.0976869838494,2.62648054004918,1.44520690314045,-0.187391837532781
7,1,2,5.75718558324424,2.24698352936404,2.38406068298517,1.18486380435609,-0.06082067643372
7,2,1,5.89699392567154,1.45360955828136,1.58893254251485,2.13859651055463,0.672422422342248
7,2,1,6.29028766571606,1.59217592111747,1.57040696580191,2.22148280599982,0.85993358094125
7,2,1,6.24470987776411,1.53743675174884,1.61783753815683,2.22039536315367,0.823309559070537
7,2,1,6.29738168054604,1.96867724451792,1.32895461681044,2.30696981826475,0.649693238674979
7,2,1,6.42829965154418,1.77720215041771,1.76514507957468,2.14829354692579,0.693898929242956
7,2,1,5.99410678608638,1.61786898879897,1.61576314100734,1.97255460256883,0.743406190641919
7,2,1,6.29740123918083,1.60917736685016,1.66121888170837,2.08820988037278,0.892018121332126
7,2,1,6.34697112682852,1.82040804900425,1.55987568204835,2.0618361004865,0.858583463596421
7,2,1,5.89257852064295,1.7858813691679,1.30540362678298,2.03248379877505,0.724582517764614
7,2,1,6.02339459153058,1.84037040288891,1.33204790806273,2.12148384234702,0.685854989394788
7,2,1,6.38531143592254,1.79987642505021,1.40970633691943,2.22639892106538,0.902394744330563
7,2,1,6.28749962313162,2.11222187232136,0.978536323560147,2.30468512685015,0.845980393630312
7,2,1,6.37374008679324,1.99546198645234,1.26561084627575,2.2073668717594,0.859025814307515
7,2,1,6.03728148301599,1.92544448141905,1.30650671346111,2.15615061536847,0.606746915412198
7,2,1,5.79906965647983,1.45115671318465,1.4200464751342,2.04925638134877,0.832735873246373
7,2,2,6.15240027944592,1.94190792129616,1.97534129201873,1.80576555091751,0.419794522485684
7,2,2,6.9970461275895,2.47023450129814,2.17152799299399,2.03109220475179,0.316178347117759
7,2,2,7.89357610155137,2.72265313957856,2.62879893693384,2.18676533220689,0.346878102439962
7,2,2,7.48874181267937,2.54040740003842,2.48389792305708,2.01077889034385,0.443702525251788
7,2,2,7.12845955639299,2.57344532659411,2.39324823134565,1.79750715271869,0.355644753048882
7,2,2,6.81556783389918,2.67564476419382,2.27679538156606,1.64375823915631,0.212928697248612
7,2,2,7.17095602585648,2.74583054083971,2.38025935328103,1.72398156714648,0.312921086120794
7,2,2,6.71923544732462,2.80180640442354,2.04508222264096,1.51977248627594,0.34413550897478
7,2,2,6.40227276056951,2.42538329961247,2.15819666290609,1.42956159541177,0.380144024599968
7,2,2,6.98213654434871,2.56038670618761,2.48888950729752,1.65411603156179,0.271412924812623
7,2,2,6.39543023771488,2.3742357461851,2.13618313806876,1.46297053065056,0.412560000468668
7,2,2,6.23612902868968,2.39070791306836,2.10299155925965,1.50063569599836,0.235016742458226
7,2,2,6.35738845077101,2.58112985322397,1.86435268632947,1.42006361216786,0.481314454564327
7,2,2,6.31080250381568,2.77173362179369,1.95732929354723,1.36919320327407,0.206207979423046
7,2,2,6.36682024247426,2.4709026684051,2.25005148369139,1.49195191078622,0.148455256898051
7,2,2,6.51594131186419,2.33393282601668,2.11142290494375,1.57785411003538,0.482190288805711
7,2,2,6.57704480095112,2.29047078335783,2.28214598949139,1.66087403826632,0.335250469988408
7,2,2,6.37303265067288,2.65732011144124,2.0378167569056,1.52610065003121,0.146367995310774
7,2,2,6.04980893123964,2.56121673147383,1.73217334296491,1.45646658884526,0.292302773936671
7,2,2,6.42107137469625,2.70680260542217,1.94993443493,1.59125692497925,0.16733103822471
7,2,2,6.24220275621445,2.86102339931206,1.79364213244457,1.49139409474911,0.091550772763451
7,2,2,6.20259239833328,2.51415050402427,1.97316134542196,1.31920724584619,0.386981993495611
7,2,2,6.18662349760668,2.8055145679786,1.70211933715368,1.59502224400956,0.0795576282382304
7,2,2,6.28765862385086,2.45715500123345,1.96040758582002,1.63105519012026,0.23230502397734
7,2,2,6.27331111759236,2.82053705283473,1.97512006542557,1.54360978987357,-0.0681166636830216
8,1,1,5.4211213462562,1.45494243686583,2.08849065564709,1.29123698645381,0.555753150707801
8,1,1,5.43948293503674,1.84817647808721,1.82840374196244,1.38960393593294,0.34579794979601
8,1,1,3.54285656459892,1.40388041728806,1.17194771083934,1.14991882020198,-0.202048375546821
8,1,1,3.66610828525059,1.28832128868361,0.923507066436983,0.90158162410912,0.522506483858238
8,1,2,5.23402436829112,1.05811391291115,2.11609610991258,1.07631638873289,0.95579138207246
8,1,2,4.91417340468991,1.29634295945331,1.75105692488569,0.812328048749885,1.02567468421598
8,1,2,4.64340059629211,1.35394437661862,1.47875644279214,0.83080374854549,0.952243482599801
8,1,2,4.61663804276189,1.05231491042239,1.70480397587022,0.849504101849812,0.981910723489164
8,1,2,4.56074055937164,1.21988516131084,1.4864099993662,0.886506234939235,0.940465970988011
8,1,2,4.14182011384886,1.34366455470445,1.17573085906363,0.810103988354359,0.787181795739508
8,1,2,4.00087737528088,1.25578798774504,1.25925347979189,0.765429270948403,0.696646431932598
8,1,2,4.00100949057901,1.22400395068605,1.22146591103941,0.801713729712778,0.729564405342638
8,1,2,3.48564286396717,1.18934642053958,1.06711024295056,0.690455503318794,0.517695631389844
8,1,2,2.87800831572007,1.29379813361524,0.619167172390911,0.478323790932135,0.466464325189045
8,2,1,4.95586268702448,1.49983471509598,1.52572222017333,1.13927444307408,0.689611511321192
8,2,1,5.20504490120797,1.92216510717882,1.23896526620389,1.21707016111033,0.724887373484522
8,2,1,5.00932646327249,1.81020770288383,1.17865712663794,1.14242850567288,0.775308303426993
8,2,1,5.02714426792587,1.9844646466106,0.957095092868751,1.25693620982007,0.726664266117367
8,2,1,5.08759870177834,1.95376065131904,0.859057199812518,1.25107166162163,0.918799223460102
8,2,1,4.93971424915789,2.54235973098271,0.0496480913612467,1.32669205642777,0.916144827100687
8,2,1,5.04920956662289,2.51433035132831,-0.127494974014181,1.46517708879673,1.08968481627467
8,2,1,5.18126937530273,2.5030155371845,-0.246439311455253,1.47284834630363,1.34051280349113
8,2,2,5.55741447213727,1.52081373093316,1.58587913721839,1.12508599843505,1.30415111893781
8,2,2,4.6822533159055,1.9565260025609,0.608595514427477,1.01877575965456,1.08028074614403
8,2,2,5.04673179693073,1.6724148480629,1.23599113010005,1.24935580280705,0.874035513191712
8,2,2,4.65192558140393,1.53713737091422,1.23172197683302,0.943694921980608,0.923680789471334
8,2,2,4.61909433875837,1.88171573154752,0.447549045168854,0.982464712136016,1.28615442462779
8,2,2,4.07426243572873,1.91972213195124,0.626189671272893,0.971134766521755,0.547257675463484
8,2,2,3.99368003430613,1.83442845222205,0.359841707012709,0.847578238972847,0.935954209027439
9,1,1,5.61305579545876,1.55517792478205,2.0264848349788,1.15670015564868,0.529207536821602
9,1,2,7.7493806460118,0.666446746403423,3.55338957529476,1.28430711822457,2.22246488669151
9,1,2,7.26919950139611,0.750563208534791,3.50092717890087,1.12232868207598,1.8778559641
9,1,2,7.29387566182285,0.976565500619679,3.20367901412364,1.20295622876265,1.89292103323591
9,1,2,7.06225836675388,0.997443082783766,3.17754432296158,1.19862605805618,1.67422146810187
9,1,2,7.29519489338257,1.00296902380157,3.15707486558615,1.18163182102771,1.93512263391641
9,1,2,6.78799476571828,1.01270091579889,3.12296408785152,1.15898335586465,1.48185244880395
9,1,2,7.62992490972329,0.989699700563199,1.75365461080824,1.20395831708845,3.63827933573824
9,1,2,6.99863711429909,1.26526115584401,2.91188291413604,1.16237898708235,1.64513358507193
9,1,2,6.5073214447915,1.17950746025032,2.8857095372109,1.08114322182154,1.3514530458199
9,1,2,6.23650657325018,1.24553404612866,2.68561737357662,1.11356842433417,1.18481616696636
9,1,2,6.25495540691484,1.2022762714515,2.7160549431419,1.08111165430391,1.24758608864106
9,1,2,6.13061140019622,1.39406447685111,2.54831628652127,1.10364907913173,1.07921907302052
9,1,2,5.82203279459182,2.35792594462802,1.61663659318618,1.15598826416111,0.692016001421041
9,2,1,6.69520171506402,1.09351990993197,2.92643390773535,1.40405367410026,0.852110224758031
9,2,1,6.78732091868696,1.11481078243693,2.81275275980365,1.373625218121,1.06382409076155
9,2,1,6.32429942542829,1.04878967546709,2.39502275536359,1.24670179637621,1.20926233505913
9,2,2,7.69510802399709,3.01198495883658,1.57329929998582,1.23606964274144,1.69628169547916
9,2,2,7.23910049339094,2.9562866974532,1.61157708676245,1.20418202032623,1.29568275339875
9,2,2,7.12097329256387,3.0562588579287,1.51561420924002,1.2222412679657,1.15758995795042
9,2,2,6.86952506205706,2.8258729664976,1.37235502707809,1.26790477511055,1.23297529385268
9,2,2,7.13862676188408,2.63604114733233,1.40991177500657,1.26090851461489,1.65492272993875
9,2,2,6.80167195159076,2.92621294905145,1.26582273479152,1.27804574388253,1.16225055088971
9,2,2,7.15273511092846,2.67736961770463,1.49001659237949,1.31111732251467,1.49975198953716
9,2,2,6.93314903474521,2.68532221087705,1.31186402866689,1.22264403425602,1.53825286441349
9,2,2,6.73544619921237,3.04299324420459,1.08033983485779,1.28589975517315,1.15695404938462
9,2,2,7.64639837232136,2.41722877161494,1.04401516009346,1.18620411202342,2.80459995854312
9,2,2,6.61345602882656,2.6964603474904,1.22987583803726,1.2432965874457,1.27279979189784
9,2,2,6.3371280897736,2.69190740523394,1.19243469384205,1.27619669619488,1.00957433996762
9,2,2,6.16384507369358,2.55356126640547,0.938275130761126,1.24926533914626,1.25203607220244
9,2,2,6.04461419769235,2.42397010873808,1.02319014605377,1.207209989444,1.22002417903708
9,2,2,5.93621652774061,2.30481911814531,0.943980438032006,1.23430396828418,1.28195019311236
9,2,2,5.79099429914068,2.31344541901509,0.981512713763496,1.26429103232771,1.0639028419063
10,1,1,6.72788216467996,1.37517130950922,2.80291119641354,1.51775836940777,1.01270312976107
10,1,1,6.7475185869717,1.22339786380716,2.53431862250251,1.54467708348876,1.41959060166755
10,1,1,6.22316079951558,1.74060379144598,1.72316969477932,1.55191003047412,1.1855075833258
10,1,1,4.89940296875575,1.46368431226115,1.23830173306781,1.24396717015833,0.93529046672132
10,1,2,7.71603286989386,1.71674281181418,2.74870468538495,1.40574680567134,1.81698524985868
10,1,2,7.06958722369389,1.72066492661807,2.70088247735201,1.33330565868366,1.29483240996518
10,1,2,6.72327846437373,1.55090303723304,2.58991656275453,1.14552270662403,1.41520137673633
10,1,2,6.65008787774443,1.83082917803201,2.38982524511619,1.17165007084721,1.23873589433342
10,1,2,8.74200512804927,1.86088535821463,2.00563444137611,1.22198223581489,3.59851980759461
10,1,2,6.78992613456864,2.65407440924687,1.64796643491796,1.23144404577153,1.23741388730342
10,1,2,6.05480047321048,2.60080587332257,1.42469897722784,1.16262968603622,0.853485208915124
10,1,2,5.69658263942888,2.60314151696796,1.28521582222488,1.14176692727717,0.656280758705119
10,1,2,5.0579484811017,2.20365689236641,1.12370898638348,1.01870805401239,0.701015691454964
10,2,1,7.22771454225757,2.43488857184258,1.83195779577826,1.8824352382402,1.0804155805644
10,2,1,7.19399648077532,2.26108370597279,1.86327178514079,1.77695387464794,1.29145594650242
10,2,1,7.07079419500866,2.29174684799049,1.86210473190157,1.81102697377677,1.10748604493354
10,2,1,6.8030229309868,2.30920561100614,1.58952228020303,1.66608454370052,1.23779647684978
10,2,1,6.60268985178728,2.12979901733179,1.59145923892702,1.54497212044444,1.33457172117159
10,2,1,6.12990057442574,2.00082935251851,1.46076411117558,1.40994478882312,1.25764602529372
10,2,1,4.86182313876156,1.66374839628283,1.09496882756783,1.17492746787879,0.932414908540439
10,2,2,6.82073308455248,2.89462354113049,1.90391268797086,1.49184786246776,0.547334979159454
10,2,2,7.84975456078076,2.57085880818863,2.07978279747169,1.46106781022956,1.73691568878834
10,2,2,7.16017743046274,2.60731069629232,2.15261691230015,1.51444619126874,0.897457797213341
10,2,2,6.95128848879428,2.70731998298684,1.71925726845854,1.40951528261916,1.12340923647962
10,2,2,7.1273181776567,2.50228289164278,1.68357511619891,1.28221892410048,1.65929384809964
10,2,2,7.04371103824665,2.59007650496055,1.58440461065166,1.26135342047012,1.60869957570267
10,2,2,6.42165754892929,2.4010365762962,1.59972579679093,1.29993283082299,1.12908913091471
10,2,2,6.34559800357816,2.33174657570978,1.48847949824299,1.33298337307138,1.19944394927652
10,2,2,6.10361192985075,2.3041135874162,1.48235824743495,1.27033495582408,1.05604428315871
10,2,2,5.91006716312079,2.23055435931599,1.27423089781958,1.21183031436717,1.20049103881461
10,2,2,5.86486199865262,2.18641597305164,1.27608307560367,1.11401489221979,1.29396405798169
10,2,2,4.71801764091684,1.66499320414919,0.765655431044273,0.985450292770834,1.30733115332909
11,1,1,6.38110228507011,0.958834722302273,3.31288596696169,1.07207282201348,0.991118593693615
11,1,1,6.30754516145978,0.903420471368648,3.19538302850149,1.23507834234846,0.9284278209604
11,1,1,5.78091201546627,1.63399978687333,2.44925846034998,1.25041444254708,0.409900187318281
11,1,1,5.47939939056175,1.41808322895337,2.11481816119193,1.19371668253436,0.710859049621696
11,1,2,7.189024083448,0.80261835816197,3.80876767059931,0.899959969324649,1.55179959395492
11,1,2,7.1416748313942,0.962470919509558,3.55656745369235,0.927845080509637,1.5686561868907
11,1,2,7.13643276043216,0.878340454598784,3.7667484651909,0.871235742847324,1.49509315620152
11,1,2,7.01982058784148,0.893852680454246,3.55970132074207,0.848647864116631,1.59114112156389
11,1,2,6.89209180060427,1.05487253219671,3.41585049360824,0.836546088528756,1.4603370258498
11,1,2,6.85016780717126,0.982646231410563,3.38800064299062,0.834912742833808,1.51922574696052
11,1,2,6.79698751952593,1.07695944438866,3.248941562197,0.794818593600862,1.55041058042259
11,1,2,6.7512433291681,0.816691817334975,3.32210143892536,0.764211728038131,1.71980144956988
11,1,2,6.33071544886103,1.01427948284297,3.15115344410013,0.690238141084682,1.35220539499404
11,1,2,6.44400206771685,0.857557451584572,3.28030575278686,0.672509703721809,1.50841140210253
11,1,2,6.45053181187942,0.808948311089786,3.29873525849574,0.674900166313423,1.54221553471404
11,1,2,6.25936865651662,0.952585675413742,3.12840819284577,0.669978684704814,1.38505684187229
11,1,2,6.03599753712337,1.26671561664856,2.83862301356436,0.746387232060703,1.06579427960028
11,1,2,5.50470566067019,0.768181894898189,2.59975593014446,0.571213238501739,1.4413579580422
11,1,2,5.33380865203422,1.39037020866912,2.17616773692262,0.564286660559113,1.0842259650684
11,1,2,4.76805155366117,1.86842992472645,1.70556191480965,0.667645071327323,0.417805103029064
11,1,2,3.98165333522126,1.48121413834898,1.4219277167452,0.485972587844788,0.482937488771341
11,2,1,6.82084382976632,1.29907384955838,2.88020032474934,1.40117497557598,1.18138053337446
11,2,1,7.06900757954073,1.31492017825943,2.98786648439956,1.52498400612063,1.18221013078977
11,2,1,6.85283665714467,1.47428943229809,2.81110191082458,1.42607123350837,1.08384524299601
11,2,1,7.0197793796514,1.43788205529336,2.78698924041529,1.50976576266058,1.22545696015302
11,2,1,6.78183750724933,1.23486977497079,2.77865361977086,1.37670452808227,1.3303272143491
11,2,1,6.70404941879471,1.41131838598845,2.78927414140022,1.31373203946431,1.13147075285268
11,2,1,6.7647463962917,1.45771627595438,2.53255428326325,1.40060123458383,1.31285825714296
11,2,1,6.53289906605404,1.3059853340853,2.55962289636695,1.23264364130476,1.37271926007265
11,2,1,6.31382993622628,1.35885835784363,2.58050163800837,1.12471313227999,1.19060222966295
11,2,2,6.27020358451845,1.80523522698904,2.66247936226828,1.04022605339067,0.678819846586694
11,2,2,7.4206806413043,1.70361009885327,3.18637102121794,0.969470029530069,1.46580189817175
11,2,2,6.27420313556667,2.03839803115685,2.4118873314538,0.909656168005818,0.828538529720237
11,2,2,6.68607591743709,2.1186389485928,2.21507039497921,0.919054175780605,1.33980356095749
11,2,2,7.26150241270613,1.76480398377394,2.91496984261352,1.0202890842547,1.4660087583773
11,2,2,7.04823489462021,1.93376471295049,2.97171378502495,0.942822151123316,1.10992608068291
11,2,2,7.25899754529323,1.80050242131647,2.81552338107596,0.996311252396458,1.54995143199105
11,2,2,6.59258290104555,1.53121759184211,3.1068828389561,0.845094368749429,1.02073812881972
11,2,2,6.0233666175115,1.32175058065778,2.34873959476306,0.759503056937225,1.49746363322042
11,2,2,6.88449868244469,1.33818713285252,2.94557168463126,0.950444274910852,1.55353200504359
11,2,2,6.70065656150882,1.27839012695585,2.6317677669265,0.926939389699024,1.76359673760282
11,2,2,6.63533213573238,1.22386570008567,2.71225533286095,0.869673222008303,1.73008566141007
11,2,2,6.5710814779356,1.22594363600141,2.74094319980725,0.922979825589886,1.58398744313328
11,2,2,6.66111786037861,1.12240621456879,3.01048562564215,0.920656973375889,1.51144635993418
11,2,2,6.98369885107193,1.19949949440874,2.68371458381915,1.04699236114792,1.95068087436496
11,2,2,6.57800387431328,1.09694375759078,2.76044557308824,0.85084003985518,1.76971873506669
11,2,2,6.60039131195928,1.12371874218476,2.62127124319948,1.03571327665114,1.72038357801932
11,2,2,6.28478669887682,1.47031886177956,2.08847501808275,0.955381592272285,1.67204290718538
11,2,2,6.76874008796183,1.08460164784948,2.83560519505529,0.875330933150941,1.8715951260718
11,2,2,6.37053441581928,1.59262032018472,2.22889643879321,0.91010285135903,1.54232193224437
12,1,1,5.30008930700244,2.56750408572213,1.38658034612615,1.27965978597328,0.0649454796250246
12,1,1,3.74716079644394,2.02755139490317,0.833935825678797,0.852068908174543,0.0326961644539776
12,1,1,3.81163610409383,1.75258729306479,1.35430705617265,0.791284487937716,-0.0856490253032456
12,1,1,4.77754380478401,2.1466146261583,1.54377011122323,1.21111912125719,-0.122505086265037
12,1,1,5.14375799949861,2.26936953487404,1.5329232963254,1.44146257434284,-0.0989018781711543
12,1,1,4.91650653090379,2.14021974938533,1.57828004079602,1.46869982021295,-0.267037116516294
12,1,1,4.65783837985345,2.0479080979007,1.60415725975991,1.37181435613523,-0.360955147151409
12,1,1,4.83182136804772,2.19423199056432,1.80169951510201,1.44787693601821,-0.603211700750404
12,1,1,4.4757634689818,1.84148223802355,1.73888111966665,1.31776685087673,-0.416435671709495
12,1,2,5.68405444293746,3.942601700503,0.834190872620434,0.719415864781822,0.172397631737022
12,1,2,5.1615127636841,4.08726729004647,0.525499387069779,0.606921360064377,-0.069933327613776
12,1,2,4.8211604335217,3.91167934156709,0.456120668598636,0.594351979896362,-0.151507366411974
12,1,2,5.06412661006981,3.85018779284937,0.37275999279012,0.703221128328242,0.123257647440849
12,1,2,4.6630154846216,4.02775956682924,0.344725565881151,0.561011467261878,-0.279054581840111
12,1,2,4.76542286794534,3.91446484231943,0.465677065952756,0.633045777400038,-0.256679028680673
12,1,2,4.68075438106836,3.7010835379466,0.438932555863358,0.550984017665528,-0.0227227276707119
12,1,2,4.52238420052292,4.0588630227268,0.271766381122195,0.631051562947589,-0.44533799799926
12,1,2,4.28909961146561,3.74958021584754,0.192234184139556,0.529983545467281,-0.192588542198629
12,1,2,4.81755637975998,4.19021267719134,0.402595336552029,0.664666758784109,-0.445950300095673
12,1,2,4.63062327280302,3.88420989670715,0.666786437580264,0.537285323599177,-0.463424192527008
12,1,2,4.83669720715541,3.81855625983805,0.700962310518347,0.741595790768815,-0.430681579879946
12,1,2,4.3810106521354,3.81554520376416,0.469408595296112,0.469159610291889,-0.380136899078202
12,1,2,4.13236258098182,3.99641935406202,0.517214268119026,0.440269816903207,-0.82184842845059
12,1,2,4.31563488286973,3.85202502142199,0.600344910950335,0.589633358955471,-0.728103565550891
12,1,2,4.08352165732441,3.75353257867398,0.47228115168809,0.567988920404742,-0.712257461760455
12,1,2,4.06589931067494,4.012575339018,0.569939597868604,0.382611664727593,-0.898369564794859
12,1,2,3.68525959484441,3.45971628445308,0.358233482235166,0.448146072204564,-0.584754383607369
12,2,1,4.40501143297585,3.90078702937797,-1.01775721397347,1.5691644312786,-0.150831892192906
12,2,1,4.48479135926404,3.58631423096425,-0.833360101477338,1.48018546805557,0.143520164604491
12,2,1,4.52487749816264,3.56241965091697,-0.504413766978485,1.43290626261498,-0.0709009493562192
12,2,1,4.39783715038283,3.38976118614254,-0.522911060380073,1.35912565988624,0.0649266235718618
12,2,1,4.82773023376331,3.5637765094245,-0.42887259413296,1.58330416063831,0.00352250477470285
12,2,1,4.89327429195191,3.22155322745504,0.311370358324831,1.50193501295006,-0.243817362867608
12,2,1,4.32633331953063,3.10034252762849,0.0397167661867365,1.32546662795662,-0.241461533898855
12,2,1,4.17016619805704,2.79181751646264,0.166105473447165,1.252367793894,-0.143879537651813
12,2,1,4.05183981030436,2.96336995265029,-0.0399812580651872,1.25897661957847,-0.232924441992586
12,2,1,4.58203493850129,2.82121842197089,0.447815760452802,1.613419898986,-0.400269676456036
12,2,1,3.59871544658472,2.64983844308546,0.257170747611119,1.05335673514562,-0.460582542759881
12,2,2,5.02723854860091,4.82824651038844,0.164832437592119,1.0617413754088,-0.973124247998222
12,2,2,5.56433750519152,4.75904109468488,0.250295788315654,0.968903926505465,-0.368650954581365
12,2,2,5.34821868378617,5.13828013684295,0.0985722703166278,0.655264709261475,-0.496696155976965
12,2,2,5.27069269353816,5.11250710676571,0.333832034489918,0.895570103138501,-1.01610450242474
12,2,2,4.5629601146648,5.22676314302801,-0.112815910912097,0.531629215334053,-1.02733328762499
12,2,2,4.67730954921472,4.99213728432207,0.0588625687015532,0.791979575629134,-1.10914103107808
12,2,2,4.72912935516229,5.02985732316071,0.210265527147153,0.750037563717242,-1.20307179281148
12,2,2,4.98029114862439,5.08453393605547,0.402805605646208,0.824036239539207,-1.27207456295885
12,2,2,4.97063234354331,5.45316685639103,0.28203419786967,0.714555292696706,-1.41789334319449
12,2,2,4.76552101199018,5.60921116210083,0.181073789051917,0.908228491186348,-1.86495374372528
12,2,2,4.68906385823749,5.10343448570774,0.299683046932343,0.703765487572463,-1.35750807437703
12,2,2,4.09422815631662,4.81924592756281,-0.182062822488136,0.706586296911654,-1.19175432681627
12,2,2,3.73465879338858,4.77626058414856,-0.0527266403968255,0.59625702318266,-1.52231139077423
12,2,2,4.9716605548962,5.17066446451932,0.521067887241135,0.918765280171464,-1.57521072071179
12,2,2,4.04722850947518,4.73731474364688,0.405403956904702,0.559392507810311,-1.59101565823502
12,2,2,5.12539922247641,5.10209479811105,0.647953263420402,0.88187349462644,-1.44488069850787
12,2,2,3.90655592054174,4.93033569184117,0.286018737468943,0.749836097238862,-1.98969628674873
12,2,2,4.84671078053471,5.25344541333035,0.665321949396217,1.01285924561113,-2.01459829021756
12,2,2,4.90863765402569,5.33811073816155,0.711561455649385,0.992140576866858,-2.06213368973392
12,2,2,4.66422739490642,5.28901127226011,0.264687937590228,0.815423201810686,-1.64027779133489
13,1,1,5.10118019227107,1.32809638316414,2.07804063543704,1.45765179666604,0.275110560373144
13,1,1,5.22257782894361,0.951199874005142,2.15422318409685,1.39999105276237,0.747686316332408
13,1,1,5.09260189957351,0.985898879739165,2.05081926003444,1.39408103373247,0.693155739200768
13,1,1,4.68561165932755,1.04603223669377,1.88257715173551,1.20771481667126,0.582328196437946
13,1,2,6.10981954143446,1.4173795185907,2.09048242294509,1.3504112496256,1.23606109867854
13,1,2,5.80981339001958,1.83927792729218,1.87044698864519,1.29938490777566,0.791980956471509
13,1,2,5.84089815202213,1.56891164828022,1.92420814503822,1.29717573517639,1.03813152783396
13,1,2,5.4766984162418,1.85857890894875,1.70547646499643,1.142140591057,0.762232858130588
13,1,2,5.39405521583631,1.42052290642367,1.85003373912872,1.23508145152249,0.878378805639571
13,1,2,5.38540967234859,1.82444914314944,1.64205807321813,1.11336615262856,0.796741202461739
13,1,2,4.88888732358596,1.58696659383828,1.61733757043831,1.11938024105565,0.560012818139476
13,1,2,4.74910934760914,1.52388325783856,1.53183167470459,1.17794894988031,0.511001726867462
13,1,2,4.52282839255229,1.59165554047551,1.38229528603159,1.12543287129002,0.420380967993398
13,2,1,6.1610765393698,1.54881582041985,1.79897360656493,1.56290041992138,1.2608457471546
13,2,1,5.78282066581159,1.42513476935581,1.71857794920079,1.5447741430271,1.10713365224239
13,2,1,5.88760587822614,1.56836477250124,1.74330585197708,1.57622787914191,1.01392661906474
13,2,1,6.13429781825172,1.46502715918857,1.87780382193891,1.58347421533836,1.21908758753701
13,2,1,6.21027263430044,1.5079382298743,1.84744430954667,1.56717903902152,1.29761024509799
13,2,1,6.10721035897319,1.50507600508569,1.70903608229972,1.5710120728522,1.33146976083248
13,2,1,5.77581877002349,1.47762061520303,1.54611879171174,1.47565437076087,1.28649347254055
13,2,1,5.35527710454546,1.37299270853014,1.48461876058558,1.39381988803094,1.11650291626574
13,2,1,4.41032032756937,1.23526859563598,1.3069002739629,1.13561502450145,0.750763242044914
13,2,2,5.20041543546741,2.06774952206844,1.66689959220211,1.15815540551625,0.263971914105152
13,2,2,5.53045352645509,2.20572808278363,1.63252946295465,1.23649372177193,0.409841887220463
13,2,2,5.62081621104338,1.95090789299966,1.68892799566124,1.22563138910192,0.704993861441102
13,2,2,5.52537832515346,1.88520771221213,1.6896030486372,1.24539964188903,0.655565565738622
13,2,2,5.07620024549985,1.98094449529431,1.63346137263211,1.15956690618526,0.258669221477105
13,2,2,5.24494916542614,1.99305665460164,1.35069510594309,1.20275286373398,0.648943035189971
13,2,2,5.40484075813048,1.9671993883583,1.46037254291684,1.21425420894354,0.712544560802875
13,2,2,5.49413242833685,2.02445932914024,1.36640544455503,1.27182605193096,0.779945140829709
13,2,2,5.08535362072933,1.74502295764544,1.40795813287045,1.15971607139584,0.722041774095093
13,2,2,4.94040588686068,1.64559323429317,1.54031508484297,1.21563248187912,0.491757271717493
13,2,2,4.83969688632886,1.64111090942356,1.30276797533809,1.24199152636214,0.604994240236745
13,2,2,5.02539384829173,1.4544896747127,1.38690456370044,1.32690349652527,0.805214833812776
13,2,2,4.78710191986092,1.34751484281241,1.48887592371187,1.26367243466758,0.63770830004878
14,1,1,4.83222967116307,1.02036307124658,2.72553071304551,0.741512717576695,0.30773365048664
14,1,1,3.42190676262374,0.651022240476698,1.98106164328873,0.455083761267643,0.297800859558588
14,1,1,3.90713506903929,0.605501710855385,2.39638679937306,0.500936145289477,0.366328586050325
14,1,1,4.45469549304245,0.828747036678714,2.71714093353308,0.572599946560875,0.299247291357515
14,1,1,4.94311408854012,0.925820128076461,2.86743440984566,0.807307378596929,0.305496718172534
14,1,1,5.3571388509933,0.998658033002711,3.1525488399493,0.861741953090349,0.307110003308445
14,1,1,5.27894966388583,1.06821248072228,3.02715176376173,0.846857780245848,0.299759553300406
14,1,1,5.09249527270158,1.0299750849884,2.94093694751063,0.809888259972433,0.275102384258441
14,1,1,5.42537123586664,1.14402242374875,3.07615606181215,0.899036814170099,0.269646425825384
14,1,1,5.22155201936455,1.25548256769829,2.77463801106304,0.873660292602042,0.281087409512931
14,1,1,4.86825640802329,1.0804595617986,2.69316844792789,0.810853355420536,0.2476012459649
14,1,1,4.92440569078418,1.27530661281364,2.48841808474274,0.815849926075787,0.307741429876501
14,1,1,5.23999274560487,1.31152858733444,2.69246648284564,0.862697155831422,0.335783840531249
14,1,1,5.30620680339612,1.38180951964883,2.68624987901387,0.884945350552721,0.315986852099763
14,1,1,5.56431268348839,1.41929399644434,2.85964068604691,0.906968553149071,0.340816134862115
14,1,1,5.25754620945485,1.35064464758444,2.67937381561739,0.875671942734447,0.314660795197572
14,1,1,4.797673996038,1.13088195618761,2.58448444244676,0.680294290924906,0.364065935613322
14,1,1,4.7895804300674,1.32978071341346,2.31884282745523,0.748949882905689,0.354209729930404
14,1,1,4.5955753730085,1.15437647691948,2.3866202392176,0.702641971247626,0.314740464071218
14,1,2,7.03555308770559,1.69519598602124,3.80174700294076,0.769855267706344,0.777991243113553
14,1,2,4.9925423196518,1.56651327315433,2.46126077125892,0.49594820143416,0.482555507239184
14,1,2,3.7999196751792,1.14433672589538,1.91433921332433,0.376193414498507,0.380342301180929
14,1,2,5.71517361288378,1.60178369691153,2.75249597168092,0.694036191872026,0.677622620674877
14,1,2,6.44678752666661,1.39170868450239,3.82916119566632,0.609329880271755,0.628106684274617
14,1,2,4.41789211545889,1.00743559562678,2.50449816287907,0.406950081621757,0.512290885743174
14,1,2,4.25007513621524,1.11348379801854,2.27181498289407,0.346975435311331,0.530801640733285
14,1,2,4.52444582664323,1.0255159772923,2.57092834728346,0.404831884594576,0.536089807752658
14,1,2,4.94020493671573,1.10832043438115,2.83008454806103,0.444943064888666,0.569271770585972
14,1,2,4.57167410647402,1.0828614813409,2.6162654883943,0.406659684866689,0.479666874635908
14,1,2,5.13155919272201,1.20145924491487,2.78018180480517,0.607969054687555,0.554587586531559
14,1,2,6.5108040868214,1.5882009551223,3.52005292721575,0.715132198200435,0.697874470730527
14,1,2,5.47744843448088,1.15958686970935,3.30524974140989,0.485773180668366,0.539703797594731
14,1,2,6.06979537558898,1.4814115803065,3.29533882248421,0.600951688995305,0.702479619087776
14,1,2,5.88399465001055,1.36093205496502,3.36912724032714,0.513664856658043,0.651434175131305
14,1,2,5.68518352718743,1.38837986164268,3.15623124871042,0.539239940231913,0.613080223995244
14,1,2,4.92467871523445,1.12110745730899,2.80735516304701,0.457606760556067,0.55129792884941
14,1,2,5.30331616131126,1.32330203413608,2.92490025928774,0.489192146938371,0.578200629676696
14,1,2,5.86870319010564,1.3899239067015,3.24531239215689,0.552524222199442,0.691496263553955
14,1,2,5.53762402452301,1.31544806430919,3.13758334490397,0.4692869087118,0.626843855540947
14,1,2,5.77963575835717,1.45925492954793,3.1925914610794,0.443630730581995,0.694663992132493
14,1,2,5.43704798318707,1.30764054690049,3.05293263335009,0.440088806976585,0.64760794056236
14,1,2,5.29555432361579,1.40642513262646,2.90479367374669,0.367225845566018,0.628620761143326
14,1,2,5.21837706615624,1.33279816078984,2.82412856062737,0.423179988383715,0.649464035551851
14,1,2,5.25904371734937,1.46276815524121,2.70646871622263,0.495454291010307,0.606205001093951
14,1,2,5.54953962395646,1.58340028436024,2.79036054388474,0.505631879204973,0.680862447300772
14,1,2,5.48123209612993,1.65997818227186,2.73711638859832,0.557863032832108,0.539148109583077
14,1,2,4.4571802617421,1.17457352620485,2.34712542922638,0.395139684025224,0.553004232493216
14,1,2,3.93689980660768,0.977222356316325,2.14899207235809,0.364401957082744,0.460356904079622
14,2,1,5.01864873480425,1.70977340121448,1.4380421605618,0.844177481609437,1.22955549313808
14,2,1,4.35196872859464,1.56204945814745,1.20034527433871,0.803312517704728,0.992767193318516
14,2,1,5.13998332323555,1.8703160675962,1.40947517956132,0.992628404942944,1.07284985315887
14,2,1,5.53676846265391,2.03573738428397,1.26817042660707,1.12678509297506,1.30778406249681
14,2,1,5.28286251201056,1.89147443630329,1.31339371751386,1.103346092985,1.1783281783211
14,2,1,4.4682756921592,1.86823460035385,0.843817586280353,0.799985832578066,1.16019374494354
14,2,1,4.99004470199556,1.5848428956932,1.58435387532998,0.943306359600009,1.0826780848926
14,2,1,5.81848317164526,1.7314264905566,1.81864911212988,1.07195040618767,1.39680994242037
14,2,1,4.57161908738102,1.48412500038273,1.42475776761701,0.890635156366519,0.978819282660358
14,2,1,5.07459084635863,1.27126460180874,1.99471584325915,0.930925252418492,1.08281950872998
14,2,1,6.16023464132949,2.06581196144878,1.68639146656418,1.14644076563314,1.46096622805895
14,2,1,4.00313621298693,1.34794371406209,1.2451723869822,0.743835791832265,0.874491192399532
14,2,1,5.83523749909698,1.7528170503271,1.86256729891448,1.16338598157055,1.2589197978514
14,2,1,5.72882710793011,0.343975541499665,3.33305769541912,0.873897020293698,1.37852803504768
14,2,1,5.30038796899239,1.60359503620358,1.76805424840051,1.03572461086485,1.09791849951141
14,2,1,5.58498582778081,1.79357424063079,1.76385554529238,1.0624732224079,1.1689062142488
14,2,1,5.02532962947538,1.51106304095338,1.68459379844226,0.919878687582866,1.11444682805024
14,2,1,4.40231087303429,1.2092639569903,1.84736258064104,0.823365025168473,0.73278415767178
14,2,1,5.59059549336386,1.6481696595501,1.88684778636466,1.01297525562306,1.24526338703947
14,2,1,3.88932462438603,1.25502510201171,1.2279270459335,0.681526281893734,0.932273138719698
14,2,2,7.15040285633807,2.66252951483486,2.4913090205523,1.2431844400187,0.731504748169016
14,2,2,6.74729099762759,0.755881760714155,4.19943784483164,1.26130427876043,0.512132672072328
14,2,2,5.86065455582141,2.24732389354556,2.00885666634073,0.895919342259131,0.687351899321621
14,2,2,4.96163464950009,2.08133962238376,1.54269813610059,0.80703980587721,0.512024294312236
14,2,2,5.70217838197277,1.79856130680833,2.24874569525111,0.950033089138052,0.683691281864431
14,2,2,5.2150853419879,1.75854814473882,1.92561183387308,0.844412040219167,0.665641188760267
14,2,2,5.57274668557502,2.17158509257779,1.84441156565581,0.888015122756333,0.648129446467088
14,2,2,5.75519401159237,2.22856488065114,1.96716326432317,0.879817477157137,0.658879229069786
14,2,2,5.60374207665465,2.38300552683605,1.66724178554455,0.957410828537588,0.576568242151188
14,2,2,5.49580813212997,1.94842334493238,2.01289636485043,0.747780850212427,0.764332524003496
14,2,2,5.12838435000666,2.01034686327847,1.76497036532681,0.815348107327443,0.519078794313615
14,2,2,5.59509372875786,2.12667021731983,1.88262029231628,0.853739609042183,0.710508221379159
14,2,2,4.91767874800779,2.02857136550769,1.57919841101182,0.762978113228636,0.528152460836538
14,2,2,5.20201619781767,2.1921747360808,1.52823626852382,0.772912696482027,0.687487674730847
14,2,2,5.64758911548078,1.88343512617005,2.26193741224811,0.837418888301411,0.644251288880583
14,2,2,6.16839177799358,2.86302669524859,1.69860807049953,0.904371333042081,0.681275459466111
14,2,2,4.57489488654047,2.13151114344015,1.23662480752025,0.642341761367028,0.545376482050633
14,2,2,5.58506788674826,2.3663986525691,1.75908847321717,0.85738942828977,0.582584028132919
14,2,2,5.42587272832747,2.35984267203381,1.63344541051453,0.769150296258471,0.642908399728626
14,2,2,5.04568845859593,2.19475038747052,1.5274857749266,0.760579826307963,0.54385494829327
14,2,2,5.17782449930187,2.05347637546972,1.70743698661491,0.731337477664166,0.664715620110554
14,2,2,5.34806693655023,2.07379862810965,1.78451869937929,0.809742568957336,0.659232499953182
14,2,2,5.4332431649543,2.31514753522786,1.65341201399877,0.854204042448989,0.590747945130276
14,2,2,5.26038855238993,2.26381029570748,1.62890964670479,0.711652176872547,0.635601752059312
14,2,2,5.35053000795571,2.1565420407114,1.75669675587554,0.755416734207289,0.661071925454849
14,2,2,5.04968798996446,2.28045961350231,1.45043059768943,0.743051693565746,0.556535459379645
14,2,2,4.76088314605872,2.15418487861588,1.31038800402933,0.716627211524811,0.560413371561153
14,2,2,5.56449964720754,2.3933066975682,1.73622328143574,0.836597037675113,0.578822606521342
14,2,2,5.25322633270957,2.57515198257292,1.42770353714775,0.709193558729051,0.522485160896735
15,1,1,7.1371618040494,2.44170292402242,2.66094068463584,0.965442449764613,1.2708955755695
15,1,1,7.07732620738385,2.15769528413623,2.78153303604667,1.11622161118469,1.22440409800338
15,1,1,7.05638583095663,2.05101851175283,2.5343111101973,0.801529367682412,1.8623399048316
15,1,1,6.46678040850525,2.07116742979964,1.87346997285708,0.944356221634022,1.77197594857866
15,1,1,5.41068907243271,1.69999190715898,1.92452781424739,0.686772916040281,1.30076145458863
15,1,2,9.02459530105529,0.569751729725838,4.42185122292882,0.750279787154535,3.2402546467397
15,1,2,8.54091185384915,2.34330068558553,3.76058554847633,0.709623639987731,1.70827372401487
15,1,2,8.14895290464755,2.72803475391119,2.99878565486995,0.551174266695097,1.84967662964605
15,1,2,8.1861275654419,2.71092001935432,3.10715566445035,0.631134812077232,1.71764608742891
15,1,2,7.89537958028499,2.75583158714496,2.69138117334756,0.497789901837867,1.9279040380976
15,1,2,7.87781081502504,2.12589818440738,2.63212042649384,0.741366852367694,2.34953174539209
15,1,2,7.20101867726979,2.73184474779146,2.39456552638876,0.68234656945964,1.37816068003779
15,1,2,7.93259850106722,2.8476435535145,2.44692261473267,0.698857455544762,1.91687002802846
15,1,2,7.50504349196162,2.60711860240992,2.36175677701398,0.639422978965882,1.87507673048056
15,1,2,7.92735355904694,2.51352129042762,2.65183509941621,0.823929830588756,1.91577910244744
15,1,2,7.87165031187907,2.6186369618628,2.52864451486171,0.573933521916286,2.12496155745201
15,1,2,7.5566374460029,2.63645666222441,2.71625409161561,0.714119149322056,1.47424320361051
15,1,2,7.21952248851873,2.60747014339304,2.21865551954202,0.624200136060608,1.74944151309252
15,1,2,7.30544502706197,2.31772093476725,2.23032847957174,0.793754168491001,1.9409695964808
15,1,2,6.65391002222283,2.22033107116318,2.10981780573468,0.781605375618846,1.52580620707283
15,1,2,7.32209652323534,2.42969872291247,2.38724736189243,0.640825501601584,1.84314283668873
15,1,2,7.64139508242247,2.51948624471695,2.27487434926608,0.811732120648138,2.01155560618673
15,1,2,7.18309058662001,2.36461341213415,1.95734297892589,0.669765829371745,2.1652806146077
15,1,2,7.07099607154202,2.25798988305488,1.97439650331122,0.765080008679722,2.04920950526106
15,1,2,7.07546810703089,1.88830246048972,2.1167518048903,0.677451085288889,2.36385108892886
15,2,1,8.13122301846464,2.25507782143835,2.34549357429821,1.92788938459053,1.58826283222374
15,2,1,6.8806145343439,1.77685459774443,2.32763323388876,1.64721029351992,1.12152469071117
15,2,1,7.76001206489607,2.07533009578752,2.31226233956053,1.63204544992387,1.72381059458804
15,2,1,7.02354185099266,1.74151388790757,2.33676602860857,1.49279437853444,1.4402225702612
15,2,1,7.45638328573333,2.07066698122739,2.4824924395925,1.66208743668701,1.23206140946128
15,2,1,8.52645192207008,2.03261748252635,2.56295515134286,1.78382094747802,2.12439449327026
15,2,1,8.39703361867177,1.91589513178658,2.53745190698838,1.73944166592609,2.18072326791941
15,2,1,7.40077880298221,1.97789197972553,1.90063415904566,1.36151807534915,2.1378655976872
15,2,1,7.2935505513284,1.98217577037775,1.85806242040506,1.58000053189989,1.85475417887427
15,2,1,7.3205298415979,1.78915964947376,2.09015075442852,1.38560996249369,2.03431736073216
15,2,2,7.48401515209944,2.00389758364591,2.77612586715725,1.6885089161123,0.895790722678217
15,2,2,7.5445123519303,2.14557671532696,2.23181311076128,1.41417433633122,1.62219414594017
15,2,2,8.38580474760761,2.06890371620972,2.78176090831877,1.6245265466882,1.77749455201705
15,2,2,8.53016941820912,1.93574079982711,2.59185878671053,1.60977921253125,2.25243893912512
15,2,2,8.53594085916919,1.96069028099616,2.52596188910126,1.40420086764933,2.5009516833731
15,2,2,7.92038839227911,1.88670833329303,2.51404600592665,1.45085963092768,1.93328298507176
15,2,2,7.57145406407645,1.92781856385298,2.24621073993775,1.1510969384598,2.10817308377053
15,2,2,8.1116250536373,1.80029249590149,2.64220517508424,1.47125275402011,2.06044668847398
15,2,2,7.31813600894833,1.89742127900104,2.34623338617664,1.32819518321068,1.61563204742357
15,2,2,8.59233489669159,1.76003458557259,3.01875463629561,1.6115557231877,2.06450028163315
15,2,2,8.05289655284255,1.46077632711734,2.73501713160715,1.17165893489301,2.54070267610868
15,2,2,7.5325430880345,1.38398701727107,2.55935890327073,1.23778640069839,2.2116797845644
15,2,2,7.76952107442779,1.56291502392038,2.4103954783006,1.20035423802433,2.45245866844174
15,2,2,8.05813611949666,1.56841954900663,2.48175703943532,1.18433990844418,2.67680550754337
15,2,2,7.78329645376412,1.30654364075707,2.8456818471723,1.33943970875347,2.15279696749706
15,2,2,7.7243289570676,1.22161312003582,2.68462055749671,1.13101157205591,2.54231763113896
15,2,2,7.38367610762557,1.2817352950318,2.37921449949126,1.08749732738564,2.49124073020311
15,2,2,7.34987639062719,1.30535185501447,2.35433294941305,1.3419760645169,2.20853246812953
15,2,2,7.5814640918385,1.34293285535827,2.2741453707574,1.27762632086033,2.54199833096154
15,2,2,7.70585238205052,1.49223652834842,1.92875794874146,1.17478731143046,2.95895971389922
